filename,file_size,file_attributes,region_count,region_id,region_shape_attributes,region_attributes
0001.jpg,2912,"{}",1,0,"{""name"":""polygon"",""all_points_x"":[16,19,26,29,31,44,47,48,55,57,66,71,75,77,78,80,81,83,85,87,87,86,85,83,82,68,65,66,63,61,58,54,51,49,30,27,25,23,20,19,17,13,12,10,9,4,1,1,2,2,4,4,6,8,11],""all_points_y"":[62,61,61,60,59,59,58,57,57,56,55,53,51,47,44,40,35,32,30,29,23,21,20,20,19,20,15,12,9,6,5,4,3,2,2,3,5,9,14,16,20,23,26,29,31,35,36,46,48,51,52,55,57,60,61]}","{""particle"":""""}"
0002.jpg,3546,"{}",1,0,"{""name"":""polygon"",""all_points_x"":[10,13,15,17,18,20,21,21,25,28,34,40,47,54,61,68,75,83,86,89,92,93,94,95,96,96,93,89,87,85,83,79,76,73,71,68,65,59,50,46,36,33,31,30,27,22,15,10,10],""all_points_y"":[40,38,35,32,28,22,20,18,16,16,14,13,12,11,10,9,8,7,9,9,11,13,16,19,22,33,34,38,41,43,47,51,55,61,64,66,67,67,67,66,63,59,55,52,50,50,50,47,43]}","{""particle"":""""}"
0003.jpg,5202,"{}",1,0,"{""name"":""polygon"",""all_points_x"":[25,29,30,33,39,47,50,53,56,58,61,66,67,69,71,72,72,77,78,80,81,83,86,87,88,90,92,93,95,94,94,96,97,95,93,91,91,89,88,87,84,81,77,76,73,68,62,57,52,50,46,41,39,37,34,32,30,29,27,26,25,25,24,24,23,25,27,28,30,28,27,26,24,23,24],""all_points_y"":[31,29,29,30,30,29,29,28,29,30,33,39,40,42,44,46,47,51,53,56,59,62,64,65,67,70,73,74,75,77,79,81,82,86,87,88,90,92,93,94,96,97,97,96,96,95,94,94,93,93,93,94,94,92,91,87,83,82,78,76,73,69,67,65,60,57,55,53,49,47,44,41,39,37,32]}","{""particle"":""""}"
0004.jpg,3382,"{}",1,0,"{""name"":""polygon"",""all_points_x"":[12,15,19,23,29,32,32,36,38,40,41,43,45,46,48,50,52,54,58,61,65,66,67,67,67,66,65,64,63,59,55,53,51,50,51,48,47,42,38,36,33,30,26,22,20,17,15,13,13,12,10,10,8,8,10],""all_points_y"":[5,4,2,1,1,2,4,6,8,9,10,11,12,13,16,17,18,20,22,23,25,27,29,33,48,51,55,58,61,64,66,66,68,68,82,85,87,87,86,82,80,81,78,77,76,72,66,58,53,48,42,33,24,13,8]}","{""particle"":""""}"
0005.jpg,4289,"{}",1,0,"{""name"":""polygon"",""all_points_x"":[2,5,7,9,10,12,15,20,24,30,35,43,49,55,59,63,64,68,69,73,78,79,85,86,88,91,92,93,94,91,89,87,84,84,85,85,85,84,80,78,77,74,74,72,69,68,66,63,58,54,51,48,44,41,37,32,20,18,13,8,6,3,2],""all_points_y"":[26,21,17,14,10,9,8,7,7,6,5,4,2,2,4,6,9,11,15,17,22,24,30,33,35,41,44,46,53,56,59,69,74,80,82,84,86,88,89,89,93,98,100,102,103,105,106,108,107,104,102,100,98,95,92,90,76,75,71,66,59,49,38]}","{""particle"":""""}"
0006.jpg,4812,"{}",1,0,"{""name"":""polygon"",""all_points_x"":[55,61,64,67,73,77,77,81,85,88,94,96,99,103,105,108,109,111,112,114,115,115,116,117,117,115,114,111,109,108,106,103,98,95,94,90,87,84,81,77,73,70,66,64,60,57,55,52,50,46,44,42,39,37,35,33,31,30,27,26,26,26,26,29,30,31,31,33,34,34,33,32,33,42,41,42,44,46,49,53,54],""all_points_y"":[8,9,11,12,16,20,23,24,26,28,34,36,40,43,45,48,50,52,54,59,62,67,71,75,83,90,94,100,103,105,108,107,107,107,108,109,109,110,110,111,112,113,113,113,112,110,107,105,102,99,96,94,92,89,86,82,79,77,74,71,67,62,59,55,52,50,48,43,37,32,30,29,26,25,23,20,15,13,11,9,8]}","{""particle"":""""}"
0007.jpg,7631,"{}",1,0,"{""name"":""polygon"",""all_points_x"":[34,33,33,33,37,39,45,50,56,60,66,72,79,85,88,90,90,90,94,96,98,101,104,110,112,114,114,117,118,120,121,122,122,122,121,121,119,119,120,120,118,116,116,115,113,112,109,105,101,97,91,85,80,67,61,59,57,51,47,40,38,34],""all_points_y"":[112,109,105,101,89,82,66,60,54,53,53,52,50,47,46,44,43,43,42,45,46,47,46,45,46,48,48,49,49,50,54,57,62,70,72,76,77,81,83,87,95,100,105,109,115,119,123,128,132,136,140,142,145,144,145,143,139,133,128,120,117,114]}","{""particle"":""""}"
0008.jpg,4741,"{}",1,0,"{""name"":""polygon"",""all_points_x"":[16,25,26,27,27,30,32,31,40,59,63,68,71,75,85,91,96,99,103,109,113,114,113,112,108,107,103,96,90,87,83,73,68,64,60,54,45,42,38,32,30,29,27,26,24,24,22,21,20,17,15,11,8,8,9,12,13],""all_points_y"":[74,77,80,84,86,86,85,84,84,91,92,92,92,90,85,80,74,70,67,62,58,55,50,45,20,12,8,5,2,2,2,3,3,3,4,7,12,16,20,26,28,28,30,32,36,37,40,42,41,44,48,53,59,62,66,68,72]}","{""particle"":""""}"
0010.jpg,2949,"{}",1,0,"{""name"":""polygon"",""all_points_x"":[24,30,34,39,40,45,48,52,59,66,76,83,85,89,92,92,96,102,106,107,105,101,102,102,100,99,94,91,82,77,74,71,68,64,61,58,51,48,44,41,38,35,34,31,30,28,27,25,23,22,20,20,22],""all_points_y"":[54,54,54,55,58,62,65,68,68,68,68,68,64,56,53,49,44,39,35,29,27,21,17,13,11,9,10,11,11,11,11,12,13,13,14,16,17,17,18,20,21,25,27,30,32,36,38,43,44,46,48,51,53]}","{""particle"":""""}"
0011.jpg,5433,"{}",1,0,"{""name"":""polygon"",""all_points_x"":[29,30,32,33,33,34,36,39,40,42,44,54,59,64,67,76,79,83,85,88,91,95,99,101,99,97,92,86,79,76,70,65,62,58,53,48,44,39,35,31,29,27,25,27,30,30,31,29,28,28],""all_points_y"":[78,81,84,86,88,91,94,98,101,103,104,104,104,104,104,107,108,109,107,105,101,96,93,91,85,84,77,67,61,58,49,45,43,42,41,41,42,43,41,41,41,42,45,49,54,57,61,64,70,75]}","{""particle"":""""}"
0012.jpg,2818,"{}",1,0,"{""name"":""polygon"",""all_points_x"":[13,15,18,21,23,25,28,30,34,38,41,42,45,50,53,57,59,63,66,68,68,68,68,68,67,67,65,62,61,58,56,55,54,54,54,53,51,48,44,42,37,35,33,29,25,22,19,17,17,16,14,13,13,12,11,11,12,10,9,9,9,11],""all_points_y"":[7,7,7,7,6,5,2,2,4,5,8,12,13,17,18,20,21,23,24,25,29,39,44,48,53,56,60,63,65,67,69,71,76,80,84,86,88,87,85,83,80,79,79,78,74,71,67,63,57,52,44,42,37,34,30,24,16,16,15,13,11,8]}","{""particle"":""""}"
0013.jpg,4321,"{}",1,0,"{""name"":""polygon"",""all_points_x"":[16,26,28,33,36,40,44,50,54,58,62,65,67,70,72,76,78,80,84,87,90,91,91,89,89,88,88,88,87,84,80,77,75,75,75,75,73,71,68,64,61,56,52,46,39,35,31,25,21,17,13,11,10,7,7,7,5,3,2,3,3,6,12],""all_points_y"":[7,7,5,4,3,2,1,2,2,4,6,9,10,14,16,19,22,25,28,32,35,38,44,50,56,60,66,72,75,82,86,87,89,92,96,101,104,106,108,109,109,107,104,100,93,89,88,84,81,79,75,69,63,55,47,44,41,39,38,29,25,17,11]}","{""particle"":""""}"
0014.jpg,4895,"{}",1,0,"{""name"":""polygon"",""all_points_x"":[38,39,41,43,45,48,49,51,54,57,59,61,63,64,66,68,73,76,78,81,84,86,88,89,91,92,93,93,93,93,95,99,98,98,96,95,92,89,87,85,81,75,73,71,66,56,48,43,38,35,33,31,26,22,20,14,11,12,13,12,14,17,22,25,26,26,26,27,28,32],""all_points_y"":[7,8,8,9,11,12,14,16,18,21,23,26,27,28,27,27,31,32,34,37,39,41,46,50,55,60,62,66,69,72,75,78,83,92,96,98,101,105,109,110,110,110,111,112,113,114,115,113,111,108,105,102,97,91,88,82,73,67,61,52,46,35,29,27,25,21,15,14,12,8]}","{""particle"":""""}"
0015.jpg,7395,"{}",1,0,"{""name"":""polygon"",""all_points_x"":[40,43,46,52,55,61,66,72,77,82,87,91,94,99,103,108,113,114,114,114,112,112,110,109,110,111,110,109,109,108,106,103,101,98,96,95,92,88,85,83,83,82,79,76,73,71,66,60,56,50,48,45,43,38,37,32,28,25,26,25,26,28,30,33,34,36,37],""all_points_y"":[46,44,44,41,40,36,33,32,31,32,34,35,33,30,29,32,37,39,45,48,52,57,62,66,69,72,81,85,90,96,98,102,104,107,110,111,112,114,116,119,122,124,125,127,128,128,129,129,128,128,125,121,118,116,112,104,102,97,91,86,80,78,70,61,55,49,47]}","{""particle"":""""}"
0016.jpg,4770,"{}",1,0,"{""name"":""polygon"",""all_points_x"":[11,18,20,22,28,28,31,35,37,40,44,49,53,59,61,67,72,75,79,85,89,94,99,101,107,110,110,110,112,113,114,115,115,115,112,111,108,104,99,94,91,88,83,82,79,70,66,62,55,48,43,38,35,31,30,28,25,23,19,15,14,11,10,9,9],""all_points_y"":[53,48,44,43,38,33,28,24,19,16,13,11,10,9,7,8,7,7,3,3,2,3,6,9,12,15,20,24,29,33,41,47,50,54,59,61,65,68,73,76,81,84,88,90,90,90,89,88,87,88,86,84,84,80,76,74,73,74,74,74,73,71,67,63,59]}","{""particle"":""""}"
0017.jpg,2781,"{}",1,0,"{""name"":""polygon"",""all_points_x"":[11,16,19,22,25,26,31,33,37,41,45,50,55,57,69,71,75,77,77,79,79,79,79,81,82,85,85,85,81,76,69,66,63,62,60,55,53,51,48,43,41,35,31,28,24,21,19,17,15,13,13,11,9,7,5,4,2,2,1,3,6,7,9],""all_points_y"":[58,58,58,57,56,56,55,55,55,55,54,54,53,53,51,49,44,41,39,35,33,30,28,26,24,22,19,17,16,14,14,13,12,9,8,4,4,3,3,2,1,1,1,2,3,4,7,12,16,18,20,22,26,29,33,35,37,43,45,48,52,56,58]}","{""particle"":""""}"
0018.jpg,3515,"{}",1,0,"{""name"":""polygon"",""all_points_x"":[10,12,14,16,17,17,17,18,20,20,22,24,26,32,35,44,50,59,64,70,75,78,84,87,90,90,91,92,93,93,94,93,93,93,91,87,83,82,79,77,75,75,72,68,62,50,42,39,35,32,30,27,23,18,11,9],""all_points_y"":[47,46,44,41,39,35,31,29,27,25,22,20,19,17,17,16,15,14,14,13,12,12,11,12,14,16,19,20,22,23,25,28,30,33,37,41,46,50,54,57,63,65,66,67,67,67,65,65,62,59,56,55,55,55,52,50]}","{""particle"":""""}"
0019.jpg,5106,"{}",1,0,"{""name"":""polygon"",""all_points_x"":[23,26,28,32,34,36,38,41,49,54,56,59,64,65,68,70,73,75,77,78,82,84,87,91,92,92,90,87,86,86,83,77,57,48,42,41,39,35,32,30,29,26,25,23,23,25,24,22,21,20,21],""all_points_y"":[32,33,33,33,33,30,30,30,30,30,32,34,39,42,46,48,52,54,56,60,64,68,70,76,77,82,84,89,91,92,94,95,96,96,96,98,97,92,88,85,82,78,73,65,59,56,49,45,38,35,32]}","{""particle"":""""}"
0020.jpg,3216,"{}",1,0,"{""name"":""polygon"",""all_points_x"":[10,10,12,14,15,18,19,21,22,24,27,30,34,35,37,41,42,45,48,52,54,57,61,63,67,68,68,68,68,67,66,65,64,60,57,55,55,53,52,50,47,40,38,33,27,21,19,17,15,14,14,14,12,12,11,11],""all_points_y"":[11,11,8,7,6,6,5,3,2,2,1,2,3,4,5,7,8,10,12,14,15,16,19,21,26,37,39,42,45,48,51,55,60,63,65,72,75,80,83,85,85,80,79,79,76,72,69,62,48,36,27,24,20,17,15,13]}","{""particle"":""""}"
0021.jpg,3936,"{}",1,0,"{""name"":""polygon"",""all_points_x"":[55,57,70,72,77,84,88,88,86,85,84,82,78,76,71,68,66,62,60,54,52,49,45,37,35,32,28,22,18,14,8,5,3,4,8,12,14,14,20,26,28,34,38,43,46,48,52],""all_points_y"":[3,4,20,23,27,33,36,42,46,54,57,60,62,68,75,79,82,87,89,88,85,82,81,80,80,78,77,78,77,73,67,64,61,59,58,54,46,42,36,30,25,19,14,9,5,3,2]}","{""particle"":""""}"
0022.jpg,4096,"{}",1,0,"{""name"":""polygon"",""all_points_x"":[49,55,58,61,66,72,75,78,84,90,97,101,105,104,102,97,96,96,95,93,86,82,80,78,73,64,61,55,50,47,45,42,37,35,31,24,22,20,23,24,28,31,33,36,39,41,44,47],""all_points_y"":[18,19,23,25,25,25,26,28,28,29,36,39,45,48,50,54,57,61,65,67,72,77,80,85,89,100,103,104,101,97,95,92,85,82,78,74,70,69,59,53,45,41,38,32,28,25,21,18]}","{""particle"":""""}"
0023.jpg,7106,"{}",1,0,"{""name"":""polygon"",""all_points_x"":[34,37,42,47,50,53,56,60,62,66,70,73,77,80,83,87,92,98,103,105,107,108,108,108,109,110,111,112,111,107,106,106,107,106,103,102,100,102,102,102,101,99,93,87,82,76,71,68,63,59,53,47,42,40,38,37,36,33,31,30,29,30,31],""all_points_y"":[104,106,106,107,107,107,108,109,109,109,109,110,110,112,114,113,111,112,114,115,113,112,110,107,105,102,98,95,90,85,82,78,76,73,69,65,62,57,55,52,50,49,48,47,47,47,46,46,45,46,47,50,52,54,58,67,74,81,88,93,96,100,103]}","{""particle"":""""}"
0024.jpg,3963,"{}",1,0,"{""name"":""polygon"",""all_points_x"":[46,48,50,52,53,55,57,60,62,64,65,67,67,68,69,70,73,75,77,81,86,88,90,93,97,102,104,104,104,103,102,99,96,87,84,82,79,74,73,72,71,69,66,62,58,55,51,45,43,42,39,30,26,24,21,19,19,19,20,20,22,25,25,25,25,26,27,27,28,28,28,28,29,29,30,38,41,44],""all_points_y"":[3,6,7,9,11,12,12,12,12,13,14,15,16,18,20,21,22,24,26,27,32,34,36,39,42,46,49,53,54,55,56,58,61,70,71,73,77,83,85,87,89,90,89,88,87,86,85,83,80,78,76,70,68,66,64,63,61,58,55,53,51,49,46,39,36,34,33,32,31,28,25,23,20,18,15,8,6,3]}","{""particle"":""""}"
0025.jpg,2764,"{}",1,0,"{""name"":""polygon"",""all_points_x"":[37,38,40,44,45,46,47,47,48,49,51,58,60,62,64,65,67,70,72,74,76,76,75,72,69,66,63,59,51,46,38,31,26,23,7,7,4,2,2,2,3,3,4,6,8,9,11,12,30,34],""all_points_y"":[3,4,6,9,11,13,16,18,21,23,24,29,31,33,35,36,37,39,41,43,47,49,52,55,60,62,64,67,70,72,72,72,72,72,57,54,55,52,47,42,39,36,33,30,26,23,20,18,3,3]}","{""particle"":""""}"
0026.jpg,2896,"{}",1,0,"{""name"":""polygon"",""all_points_x"":[16,31,33,33,34,34,36,37,39,42,44,47,51,52,55,58,60,63,66,70,72,78,79,80,80,78,74,72,69,66,62,61,59,56,51,45,41,36,32,24,22,17,14,11,9,8,6,7,8,11],""all_points_y"":[40,52,54,56,58,61,64,66,68,71,74,74,74,72,69,67,65,63,60,57,53,40,37,34,29,25,20,16,14,10,8,6,5,4,4,4,4,6,7,10,11,15,17,21,23,25,28,31,34,38]}","{""particle"":""""}"
0027.jpg,4735,"{}",1,0,"{""name"":""polygon"",""all_points_x"":[28,31,33,35,36,36,37,38,38,38,39,41,42,45,49,53,57,61,65,68,73,76,79,81,86,89,90,90,87,86,84,84,83,81,76,70,60,48,44,40,36,31,27,26,24,25,26],""all_points_y"":[60,58,55,54,51,46,43,39,33,27,24,20,20,18,18,18,19,20,22,24,26,30,33,37,44,47,51,58,66,70,75,78,80,83,86,87,88,88,86,85,83,82,81,79,75,68,63]}","{""particle"":""""}"
0028.jpg,2703,"{}",1,0,"{""name"":""polygon"",""all_points_x"":[30,36,38,42,46,48,50,53,56,59,64,68,74,74,73,71,68,64,61,58,56,54,50,48,45,43,40,40,37,36,32,28,25,23,18,15,13,6,5,5,4,4,4,5,5,8,13,16,22,24],""all_points_y"":[1,2,2,3,5,7,8,7,9,13,18,23,29,32,39,40,43,46,46,48,48,50,53,56,59,62,65,67,70,72,74,75,74,72,70,67,63,48,46,43,38,36,28,23,21,18,12,9,4,2]}","{""particle"":""""}"
0029.jpg,4143,"{}",1,0,"{""name"":""polygon"",""all_points_x"":[35,39,44,49,52,57,60,64,68,71,73,75,76,77,79,79,80,81,83,84,85,85,85,87,89,91,93,94,97,99,101,100,100,98,97,97,100,103,105,107,105,103,100,98,96,93,87,84,81,79,77,73,70,68,63,60,56,50,45,39,36,33,32,30,29,27,25,24,24,25,23,22,20,18,15,11,7,6,3,2,2,5,9,12,17,21,28],""all_points_y"":[83,83,82,81,81,80,78,77,76,75,75,76,76,77,81,83,84,84,84,83,81,80,78,76,75,75,75,76,76,75,73,71,69,67,65,61,57,53,49,45,41,38,36,33,31,31,27,25,24,19,14,10,8,6,3,3,4,4,3,1,1,1,2,2,2,3,3,6,9,24,28,31,34,36,39,42,45,47,50,54,59,66,69,72,75,78,82]}","{""particle"":""""}"
0030.jpg,4340,"{}",1,0,"{""name"":""polygon"",""all_points_x"":[15,17,19,22,24,26,26,27,30,32,32,32,34,36,39,47,50,52,57,64,69,73,79,85,92,97,99,104,107,108,108,108,108,106,105,104,102,99,95,93,89,87,86,86,86,86,85,85,77,71,68,63,55,52,46,43,39,37,34,32,30,27,24,20,17,14,12,8,6,5,5,6,9,12,14,13,11,10,11,12,13],""all_points_y"":[11,12,13,12,10,7,5,3,2,5,7,8,11,12,12,12,9,8,6,6,5,5,5,7,10,13,15,19,22,24,28,32,35,37,39,41,43,45,48,51,56,59,62,65,70,73,82,84,86,85,83,83,83,85,84,82,79,78,75,70,65,62,61,59,56,56,54,51,48,44,38,33,29,26,24,21,19,17,14,12,11]}","{""particle"":""""}"
0031.jpg,6568,"{}",1,0,"{""name"":""polygon"",""all_points_x"":[39,42,45,48,55,59,62,63,64,69,71,73,73,75,78,82,85,86,87,88,87,84,82,82,83,85,93,98,101,103,107,109,110,111,111,112,112,111,111,111,110,109,107,105,102,98,93,90,86,83,78,74,70,66,65,62,58,56,52,47,44,42,41,39,38,36,33,31,29,27,27,26,27,27,29,30,32,35,35,35,35,35,36,38],""all_points_y"":[26,24,23,22,22,24,23,22,17,15,15,17,18,24,25,25,24,23,24,26,29,32,35,37,39,41,48,51,54,58,63,67,71,76,78,82,88,91,95,98,102,104,105,107,109,111,111,109,108,106,105,104,104,105,104,105,107,109,111,114,114,112,110,108,104,99,93,91,87,85,82,79,74,69,64,62,59,55,51,46,39,35,31,27]}","{""particle"":""""}"
0032.jpg,4351,"{}",1,0,"{""name"":""polygon"",""all_points_x"":[40,43,44,46,47,50,59,62,64,67,70,74,77,82,84,84,85,86,86,85,84,84,83,83,83,82,82,82,82,84,84,80,78,71,69,65,62,58,57,56,54,46,44,41,39,35,34,28,25,23,21,20,16,14,13,12,11,12,12,10,6,4,3,3,11,12,12,12,10,10,8,7,6,5,5,5,5,6,8,10,12,15,17,19,24,29,33],""all_points_y"":[5,8,10,13,15,17,22,24,25,25,25,25,25,25,27,30,33,34,35,37,39,41,43,45,47,49,51,53,55,63,65,70,73,78,79,80,83,91,93,96,99,105,105,106,106,105,104,100,98,96,98,99,100,100,99,97,96,94,90,86,85,84,83,80,77,75,72,69,66,62,58,55,52,48,42,36,33,29,22,18,16,12,9,7,3,1,2]}","{""particle"":""""}"
0033.jpg,2856,"{}",1,0,"{""name"":""polygon"",""all_points_x"":[35,40,41,45,45,46,49,52,57,59,65,68,74,75,75,74,71,70,69,62,58,53,45,42,38,31,28,19,15,12,8,2,1,2,2,3,5,7,13,20,23,23,29,34,35],""all_points_y"":[4,5,7,12,16,21,24,28,33,35,39,40,45,47,52,57,58,58,60,64,67,69,74,75,75,75,75,73,70,65,61,54,48,42,38,34,28,23,19,15,12,9,5,3,3]}","{""particle"":""""}"
0034.jpg,3297,"{}",1,0,"{""name"":""polygon"",""all_points_x"":[4,8,12,17,29,32,35,45,49,54,57,60,61,67,73,75,75,76,76,75,73,72,71,69,63,56,55,54,51,46,43,41,35,34,32,32,32,31,28,27,25,22,16,14,12,5,4,2,2,3,4],""all_points_y"":[22,18,15,13,6,4,4,3,3,4,4,6,8,15,22,26,29,33,40,43,46,49,53,56,59,64,66,68,71,73,74,73,69,68,64,60,58,57,53,52,49,48,40,40,39,35,33,30,27,22,21]}","{""particle"":""""}"
0035.jpg,4567,"{}",1,0,"{""name"":""polygon"",""all_points_x"":[25,26,31,32,33,33,35,37,38,39,39,39,39,39,39,46,49,53,56,62,70,75,81,85,86,89,91,92,92,88,87,84,81,77,73,68,62,52,48,42,38,34,27,22,23,24],""all_points_y"":[62,60,57,57,56,53,46,43,40,36,32,29,26,24,19,14,13,14,16,18,23,26,30,34,39,44,49,53,56,61,67,73,78,80,82,85,87,85,83,80,79,79,78,72,67,62]}","{""particle"":""""}"
0036.jpg,3050,"{}",1,0,"{""name"":""polygon"",""all_points_x"":[26,30,32,34,36,38,39,39,42,45,56,60,64,68,69,73,74,71,67,64,61,60,58,56,51,48,43,38,34,30,27,25,23,21,17,14,11,6,5,3,3,3,3,3,2,3,6,9,10,12,15,18,21,23],""all_points_y"":[75,75,74,72,69,67,65,63,58,54,46,45,45,43,40,38,33,29,23,22,18,15,11,9,6,5,2,2,1,2,2,2,4,5,8,10,13,16,17,21,27,29,32,36,41,44,49,54,56,60,64,69,73,76]}","{""particle"":""""}"
0037.jpg,6321,"{}",1,0,"{""name"":""polygon"",""all_points_x"":[26,30,34,37,42,44,47,53,60,66,69,71,74,78,81,85,89,94,101,104,106,109,112,114,115,115,113,113,115,121,134,134,133,127,123,118,114,102,94,81,73,64,60,56,53,53,49,44,41,36,32,29,27,27,26,25,21,21,14,2,2,1,4,4,10,21],""all_points_y"":[2,3,8,10,11,9,8,2,2,3,5,8,9,9,8,9,11,14,17,20,23,25,28,31,36,45,51,55,58,65,74,76,78,90,94,101,106,113,114,110,109,105,100,97,91,86,84,87,88,83,75,71,69,66,60,58,57,53,46,44,36,20,16,12,8,3]}","{""particle"":""""}"
0038.jpg,7560,"{}",1,0,"{""name"":""polygon"",""all_points_x"":[5,8,10,10,16,18,21,24,27,30,33,40,42,46,50,56,64,69,72,80,84,86,87,89,92,98,102,109,114,114,119,120,122,126,132,137,138,136,126,120,116,112,101,95,89,86,80,74,66,62,58,53,47,43,37,31,27,26,26,27,27,21,11,7,5],""all_points_y"":[42,35,34,32,23,22,19,14,12,9,7,4,4,5,6,6,8,9,12,17,20,25,31,32,31,29,32,43,47,55,61,63,66,70,72,74,100,106,111,113,115,115,107,108,111,114,115,114,108,108,109,107,105,102,98,95,91,87,80,65,61,55,48,44,44]}","{""particle"":""""}"
0039.jpg,9481,"{}",1,0,"{""name"":""polygon"",""all_points_x"":[68,74,81,89,96,111,123,123,126,127,127,128,125,125,124,120,118,121,123,124,124,122,120,117,117,116,109,109,108,109,108,106,103,104,103,105,106,105,102,98,94,88,83,75,71,64,60,58,56,58,59,59,55,51,47,42,40,39,40,38,36,35,35,35,36,36,37,40,44,49,53,58,61,63,64,64,66],""all_points_y"":[25,25,25,24,27,31,45,53,58,61,66,73,79,83,86,90,94,96,98,99,103,107,112,117,120,121,126,126,128,131,132,134,137,140,142,149,151,155,158,161,163,166,168,169,167,164,160,156,151,148,146,140,137,134,133,130,121,116,112,107,105,101,94,88,82,76,71,64,61,59,57,55,53,49,40,34,27]}","{""particle"":""""}"
0041.jpg,2657,"{}",1,0,"{""name"":""polygon"",""all_points_x"":[6,9,10,11,13,15,18,19,21,24,25,27,31,35,38,39,39,39,40,45,48,48,48,48,46,43,41,42,43,40,39,38,39,41,43,44,42,39,38,37,36,36,36,34,31,29,26,21,18,15,13,9,6,2,1,1,1,2,8],""all_points_y"":[41,36,31,27,23,20,16,12,9,5,4,2,2,4,5,8,11,17,19,23,25,30,36,42,43,44,44,46,47,49,51,53,57,59,61,65,66,67,68,70,72,74,76,79,80,80,80,80,79,75,73,69,65,61,56,49,46,42,39]}","{""particle"":""""}"
0042.jpg,3106,"{}",1,0,"{""name"":""polygon"",""all_points_x"":[29,35,39,42,47,51,56,58,58,56,54,51,50,48,45,43,40,38,35,30,28,25,21,20,20,14,11,11,15,19,18,17,19,21,21,17,16,16,17,19,24,23,24,26],""all_points_y"":[5,4,5,7,11,17,23,27,39,43,44,48,52,60,65,68,73,77,82,83,83,81,79,78,67,62,58,43,40,41,38,37,36,34,29,24,22,20,19,18,14,12,9,5]}","{""particle"":""""}"
0043.jpg,4373,"{}",1,0,"{""name"":""polygon"",""all_points_x"":[42,44,46,46,49,49,51,55,59,60,60,61,63,64,66,69,71,75,77,82,84,87,88,87,86,86,84,82,81,80,76,70,68,65,62,57,53,50,45,38,34,30,26,23,19,17,15,15,15,16,21,24,26,26,28,30,34,37],""all_points_y"":[31,32,35,36,35,34,34,35,33,31,27,25,24,24,26,26,26,26,25,26,29,32,35,38,42,47,53,57,61,63,65,68,69,69,68,67,67,69,71,71,70,70,70,70,70,67,65,63,59,57,53,51,50,47,42,38,35,33]}","{""particle"":""""}"
0044.jpg,2712,"{}",1,0,"{""name"":""polygon"",""all_points_x"":[8,9,10,12,14,16,18,19,21,24,26,27,29,31,34,36,37,39,40,41,41,42,44,45,50,54,57,59,61,63,65,66,67,69,72,74,78,79,81,83,83,82,79,74,69,66,62,56,52,47,45,43,40,37,29,25,21,20,18,14,10,10,8,6,6,6,8],""all_points_y"":[34,35,35,35,36,37,39,42,43,43,41,39,38,38,38,40,41,42,41,42,45,47,48,48,48,48,48,48,46,44,42,40,39,39,39,39,39,38,36,32,28,25,23,20,17,15,13,11,10,8,5,3,1,1,1,2,4,5,8,10,13,15,18,22,25,30,34]}","{""particle"":""""}"
0045.jpg,1919,"{}",1,0,"{""name"":""polygon"",""all_points_x"":[15,17,20,21,23,24,26,28,31,33,36,38,41,44,48,51,55,57,59,59,57,54,53,48,46,44,44,42,41,40,35,28,24,20,16,11,6,2,1,1,4,8],""all_points_y"":[24,23,22,21,19,18,16,15,12,9,5,3,2,2,5,8,12,15,17,19,20,23,24,27,30,31,34,39,42,45,49,51,53,54,54,55,56,54,49,42,37,29]}","{""particle"":""""}"
0046.jpg,2151,"{}",1,0,"{""name"":""polygon"",""all_points_x"":[9,13,17,20,26,28,32,35,37,41,49,53,58,60,62,63,66,66,62,60,56,51,49,47,43,41,36,33,29,26,26,25,24,21,16,12,10],""all_points_y"":[43,48,53,55,58,57,55,50,47,43,38,36,33,31,26,24,18,7,5,5,5,7,6,6,7,8,10,13,15,18,22,26,29,31,34,38,40]}","{""particle"":""""}"
0047.jpg,3568,"{}",1,0,"{""name"":""polygon"",""all_points_x"":[18,17,15,14,13,14,16,18,22,28,31,34,37,42,46,49,53,58,63,69,71,74,77,78,79,78,77,79,76,75,73,71,71,65,60,57,53,44,43,38,33,29,23,21],""all_points_y"":[29,33,37,42,47,50,52,53,54,56,55,57,58,61,63,63,65,66,66,65,65,63,61,59,58,55,54,52,51,50,47,46,45,38,35,32,31,31,33,33,32,29,28,27]}","{""particle"":""""}"
0048.jpg,1985,"{}",1,0,"{""name"":""polygon"",""all_points_x"":[8,11,14,20,23,30,34,37,39,42,44,46,46,49,53,55,57,58,58,57,57,55,53,49,45,43,42,40,38,35,30,28,25,19,16,15,13,11,9,7,7,7,5,5,6],""all_points_y"":[1,1,1,3,4,9,11,15,17,21,24,27,29,31,33,35,38,40,42,46,48,49,52,54,57,58,58,57,54,52,46,44,43,41,40,38,36,33,29,25,19,13,10,7,4]}","{""particle"":""""}"
0049.jpg,3178,"{}",1,0,"{""name"":""polygon"",""all_points_x"":[43,46,47,48,50,52,54,60,62,65,70,75,76,78,81,84,87,91,95,96,96,95,92,91,88,85,82,81,79,75,72,67,59,57,52,50,47,44,39,34,29,22,20,18,14,9,5,2,2,2,2,4,7,13,21,24,28,32,37,43],""all_points_y"":[4,5,6,6,9,9,11,13,14,16,17,18,19,20,21,25,28,32,40,42,45,48,48,49,52,57,59,61,62,62,64,67,67,66,70,70,70,71,71,71,70,69,68,66,61,55,50,47,45,40,37,34,31,23,14,11,7,3,2,3]}","{""particle"":""""}"
0050.jpg,3908,"{}",1,0,"{""name"":""polygon"",""all_points_x"":[4,7,11,16,19,24,29,34,40,42,46,51,57,66,71,76,84,91,96,98,97,96,95,90,86,82,80,80,77,72,66,61,54,52,50,37,30,24,22,19,16,12,7,5,3,3],""all_points_y"":[28,28,24,19,16,12,10,8,8,10,7,6,5,4,6,7,11,20,27,33,36,40,43,48,54,57,58,60,63,68,72,73,72,69,67,62,59,57,57,55,52,47,41,36,31,29]}","{""particle"":""""}"
0051.jpg,5281,"{}",1,0,"{""name"":""polygon"",""all_points_x"":[41,43,46,46,49,54,60,64,66,68,71,74,76,77,77,79,82,84,87,88,91,92,94,96,97,97,97,94,93,92,91,90,89,88,87,84,81,78,74,68,62,57,54,49,46,43,37,35,33,31,31,30,31,31,30,29,28,27,28,29,31,32,34,38],""all_points_y"":[17,18,20,20,21,22,23,25,27,28,31,32,35,37,40,41,43,45,47,50,53,57,61,66,69,73,78,84,86,89,92,95,97,98,99,102,102,103,102,101,101,99,99,98,97,96,95,94,91,88,84,80,73,67,62,55,49,46,42,37,31,27,22,19]}","{""particle"":""""}"
0052.jpg,3523,"{}",1,0,"{""name"":""polygon"",""all_points_x"":[37,40,42,44,47,52,57,59,61,61,63,67,70,72,72,72,72,67,66,63,62,61,59,59,58,57,58,56,49,47,44,41,37,34,29,24,20,17,15,13,10,8,9,10,8,5,4,5,5,7,9,12,18,20,25,29,33],""all_points_y"":[1,3,5,6,8,12,17,19,19,20,22,27,30,32,36,41,45,50,53,58,61,65,69,70,73,75,77,80,86,88,91,93,95,95,94,88,85,81,78,74,66,63,59,57,55,47,40,35,30,21,18,15,11,8,5,3,1]}","{""particle"":""""}"
0053.jpg,4751,"{}",1,0,"{""name"":""polygon"",""all_points_x"":[27,29,31,32,34,35,38,41,42,44,45,47,47,48,77,79,81,83,85,86,89,90,92,92,93,95,96,97,97,98,100,102,105,107,109,111,112,113,113,113,113,112,111,109,107,107,107,106,106,103,100,94,91,81,76,73,68,61,56,49,45,42,40,39,38,31,23,15,9,6,3,2,2,3,8,19,22,22,20,22,25],""all_points_y"":[5,5,5,3,2,1,1,1,2,3,5,4,4,3,3,4,5,6,8,8,8,9,14,17,19,23,25,27,29,30,30,30,31,33,35,39,43,46,49,52,57,61,64,69,73,76,80,85,87,89,88,88,88,94,98,100,104,106,108,109,107,104,101,97,96,95,94,92,84,79,77,69,64,61,56,45,38,27,19,11,7]}","{""particle"":""""}"
0054.jpg,5147,"{}",1,0,"{""name"":""polygon"",""all_points_x"":[12,25,26,29,31,33,34,40,43,47,53,62,67,71,74,77,77,78,87,91,97,101,105,109,112,115,114,112,109,102,99,97,94,95,96,96,96,92,88,84,82,80,75,73,70,69,41,26,23,21,19,18,12,8,5,3,3,6,8,10,10,10,10],""all_points_y"":[23,23,21,21,19,18,17,12,9,7,6,4,3,4,7,9,13,15,16,16,17,20,23,27,31,35,45,49,53,59,63,67,73,80,89,95,100,105,106,108,109,110,110,107,107,108,109,102,93,89,86,82,81,76,72,65,50,45,39,35,31,28,25]}","{""particle"":""""}"
0055.jpg,7955,"{}",1,0,"{""name"":""polygon"",""all_points_x"":[69,73,76,81,84,85,86,89,92,98,104,108,112,115,120,125,127,127,126,125,124,121,124,124,126,128,129,129,127,126,125,122,121,120,117,113,107,103,96,92,87,82,77,74,72,70,68,67,58,51,47,43,41,39,38,38,37,34,30,28,25,23,22,21,21,21,22,30,32,33,33,36,41,47,55,61],""all_points_y"":[26,25,22,23,24,27,30,32,34,37,41,43,46,48,52,55,59,64,66,70,72,74,78,80,84,89,92,95,101,108,111,114,116,117,119,121,121,120,118,117,116,117,119,121,121,123,125,127,130,131,130,126,124,120,116,113,111,108,102,97,93,89,86,83,79,73,71,64,61,50,48,42,37,30,29,27]}","{""particle"":""""}"
0056.jpg,5193,"{}",1,0,"{""name"":""polygon"",""all_points_x"":[15,15,16,17,17,18,24,28,35,42,49,53,62,65,72,84,88,96,101,104,107,108,109,109,107,107,108,107,105,101,100,97,91,86,82,80,80,75,68,62,58,52,47,43,38,35,26,22,23,20,16,11,8,4,3,9],""all_points_y"":[39,33,31,26,21,18,11,7,3,2,3,8,16,19,22,22,20,21,22,24,29,33,34,41,45,48,75,80,84,89,90,91,93,97,97,102,106,109,111,114,112,112,111,109,107,105,106,105,90,87,79,76,71,52,47,42]}","{""particle"":""""}"
0057.jpg,2990,"{}",1,0,"{""name"":""polygon"",""all_points_x"":[39,43,46,89,93,94,94,86,78,72,70,68,64,62,59,57,56,53,41,33,24,19,17,14,4,3,4,8,10,14,21,27,33],""all_points_y"":[1,2,5,29,34,38,44,52,59,63,65,66,65,64,62,64,66,67,67,68,68,67,65,60,44,40,36,32,28,23,16,9,3]}","{""particle"":""""}"
0058.jpg,3117,"{}",1,0,"{""name"":""polygon"",""all_points_x"":[39,42,42,47,55,60,67,73,75,80,83,85,87,90,93,95,96,95,92,88,82,75,65,57,51,47,40,33,24,18,10,6,5,5,14,19,27,29,32,35,37],""all_points_y"":[10,9,6,6,6,5,5,5,5,6,10,14,18,22,27,30,32,36,40,45,53,62,72,71,68,65,60,56,52,48,44,40,35,29,19,15,9,7,7,8,10]}","{""particle"":""""}"
0059.jpg,5031,"{}",1,0,"{""name"":""polygon"",""all_points_x"":[39,44,48,53,58,63,66,70,72,73,73,73,73,76,78,81,87,91,93,95,96,97,96,96,94,91,87,85,82,76,67,56,46,43,37,35,32,31,30,30,31,31,31,30,30,29,29,31,32,34,36],""all_points_y"":[18,19,21,21,24,25,26,29,30,33,35,38,39,40,40,44,53,59,61,65,68,71,74,76,79,85,91,97,100,100,99,97,94,93,92,91,89,86,85,82,76,70,66,54,48,39,31,26,23,21,19]}","{""particle"":""""}"
0060.jpg,3129,"{}",1,0,"{""name"":""polygon"",""all_points_x"":[35,40,43,46,48,51,54,55,58,59,61,63,66,69,70,71,71,71,70,69,67,66,64,61,59,54,51,48,45,44,41,37,32,28,26,24,22,19,16,14,13,10,8,7,10,11,10,10,8,7,6,6,6,6,5,5,5,5,6,7,9,18,25,28],""all_points_y"":[4,7,9,10,13,15,17,18,22,23,24,26,28,32,34,35,38,40,42,44,47,49,52,56,61,74,77,82,87,89,91,93,94,93,91,88,87,84,80,78,75,72,70,66,63,60,59,58,56,56,55,52,46,43,41,36,35,26,21,17,15,10,7,4]}","{""particle"":""""}"
0061.jpg,1618,"{}",1,0,"{""name"":""polygon"",""all_points_x"":[9,12,19,23,25,27,31,35,37,39,39,39,37,35,33,30,27,25,21,17,9,7,5,3,3,5,7,7,7,7],""all_points_y"":[3,2,3,3,3,3,3,3,4,7,11,18,21,25,29,32,34,34,34,34,33,32,30,28,26,21,18,14,12,5]}","{""particle"":""""}"
0062.jpg,1856,"{}",1,0,"{""name"":""polygon"",""all_points_x"":[8,17,20,22,25,29,33,34,36,35,35,35,37,39,40,40,38,35,34,32,29,28,25,22,20,17,17,15,13,12,11,10,9,8,7,6,5,4,4,4,5,6,7],""all_points_y"":[36,36,35,35,36,37,36,35,33,31,23,21,18,15,13,11,9,8,6,6,6,5,6,5,5,5,5,5,6,7,9,11,13,14,16,18,19,21,23,29,32,34,35]}","{""particle"":""""}"
0063.jpg,2364,"{}",1,0,"{""name"":""polygon"",""all_points_x"":[20,18,16,15,13,13,11,10,9,7,7,7,8,9,11,11,14,16,17,23,35,39,41,41,43,43,43,44,45,45,44,43,40,37,35,32,29,26,25],""all_points_y"":[47,46,44,42,38,36,34,32,29,23,21,20,19,18,17,17,16,15,14,14,14,18,21,24,26,27,29,31,33,36,39,40,41,41,41,41,43,45,45]}","{""particle"":""""}"
0064.jpg,1693,"{}",1,0,"{""name"":""polygon"",""all_points_x"":[13,16,18,21,25,26,31,35,36,37,37,36,36,36,36,36,36,35,34,33,30,28,21,13,7,5,5,5,6,7,7,8,10],""all_points_y"":[2,2,4,6,6,7,7,8,10,14,18,22,24,26,31,34,35,36,37,38,38,39,39,34,29,27,23,18,15,11,8,5,3]}","{""particle"":""""}"
0065.jpg,2570,"{}",1,0,"{""name"":""polygon"",""all_points_x"":[41,42,42,43,43,45,48,51,51,50,48,47,47,48,49,50,58,58,58,58,57,56,55,53,53,52,50,50,49,48,47,47,47,47,45,44,43,42,40,37,36,35,33,32,31,30,29,27,26,24,23,23,21,19,18,17,16,13,10,9,9,9,9,10,11,12,13,15,16,18,20,22,24,26,28,30,32,34,36,38,41],""all_points_y"":[84,83,82,80,78,77,73,71,68,66,63,62,59,57,53,51,47,45,44,41,39,38,37,34,33,32,28,27,24,20,17,16,13,12,11,10,10,9,9,9,10,10,11,12,14,15,17,20,23,25,26,28,32,35,37,40,41,43,47,52,55,57,61,65,67,70,72,74,76,78,79,81,82,84,85,86,86,86,86,86,86]}","{""particle"":""""}"
0066.jpg,2606,"{}",1,0,"{""name"":""polygon"",""all_points_x"":[20,23,27,31,37,40,44,46,48,49,53,55,56,57,56,56,55,51,49,46,45,43,40,37,33,29,27,25,24,23,23,24,24,23,21,19,17,16,14,15,16,17,19,18,18,17,17,16,13,11,9,8,8,8,9,11,12,14,16,17,18,18,19],""all_points_y"":[82,83,85,84,78,74,64,59,55,52,46,45,43,40,31,28,25,20,17,15,13,11,10,8,7,7,7,8,9,9,10,11,13,15,18,19,21,22,24,27,29,30,31,34,36,39,42,43,45,45,47,49,50,52,54,57,59,62,67,69,71,75,79]}","{""particle"":""""}"
0067.jpg,4973,"{}",1,0,"{""name"":""polygon"",""all_points_x"":[21,22,25,27,31,36,37,39,40,42,45,47,50,51,53,56,58,62,65,66,67,71,75,78,82,84,85,86,90,91,93,93,93,92,91,90,89,87,85,81,78,72,63,60,52,48,39,33,28,25,23,21,20,21],""all_points_y"":[57,55,53,52,47,40,37,33,32,31,30,31,33,34,35,34,34,33,28,26,24,24,26,26,27,26,24,25,27,31,34,37,41,45,49,52,55,59,61,65,67,71,70,70,70,71,70,71,70,69,67,66,63,60]}","{""particle"":""""}"
0068.jpg,2609,"{}",1,0,"{""name"":""polygon"",""all_points_x"":[45,48,51,54,57,60,66,70,75,80,82,84,86,84,82,78,74,70,66,58,56,53,50,48,45,43,42,39,35,32,30,28,27,24,22,21,19,16,15,10,9,8,7,9,15,17,19,22,28,35,40,43],""all_points_y"":[10,12,14,17,19,20,23,24,27,30,32,35,41,45,47,47,47,48,50,55,57,57,58,57,56,51,50,49,48,48,49,51,52,52,51,49,47,44,43,42,42,39,34,27,20,18,15,13,10,9,9,9]}","{""particle"":""""}"
0069.jpg,2164,"{}",1,0,"{""name"":""polygon"",""all_points_x"":[10,13,16,21,24,29,33,34,37,41,43,43,44,44,44,44,44,43,41,38,37,34,32,28,25,20,15,11,8,5,5,5,5,4,4,4,3,4,4,6,7,7,8],""all_points_y"":[4,4,6,6,6,1,1,1,3,7,9,11,13,16,18,24,27,31,36,41,44,48,52,56,57,58,59,59,58,56,54,45,42,40,33,30,24,21,16,12,8,6,5]}","{""particle"":""""}"
0070.jpg,2560,"{}",1,0,"{""name"":""polygon"",""all_points_x"":[44,40,38,34,32,30,27,25,17,16,15,13,11,9,8,8,8,9,10,11,12,13,14,15,17,21,23,26,27,31,35,38,41,43,45,47,48,48,48,48,49,49,49,49,50,50,50,49,49,49,48,47,47,46,46],""all_points_y"":[63,62,62,61,61,62,64,66,66,64,63,61,59,57,52,49,45,43,38,36,33,31,29,25,22,17,14,11,10,9,7,8,8,9,10,10,12,12,16,23,25,28,31,36,37,41,45,47,50,52,55,57,59,61,62]}","{""particle"":""""}"
0071.jpg,3469,"{}",1,0,"{""name"":""polygon"",""all_points_x"":[18,23,27,32,37,40,44,51,54,59,62,64,67,69,71,71,72,72,71,68,63,62,59,55,52,48,47,44,41,39,37,36,33,32,30,29,26,25,24,24,22,21,16,14,12,11,10,11,11,12,13,15],""all_points_y"":[32,30,29,27,27,26,26,25,26,27,28,30,32,34,37,39,43,46,48,49,53,54,56,57,59,62,62,64,65,66,68,67,68,69,70,70,70,69,67,63,60,57,55,54,53,49,47,45,42,40,36,34]}","{""particle"":""""}"
0072.jpg,2377,"{}",1,0,"{""name"":""polygon"",""all_points_x"":[13,24,24,25,28,36,41,47,50,53,57,59,62,62,63,63,62,61,61,61,60,61,62,63,64,65,66,66,65,64,61,60,57,53,51,47,41,38,34,32,30,27,25,22,20,16,15,13,11,8,9,9,10,11],""all_points_y"":[5,5,5,4,4,4,3,4,4,5,5,6,8,9,11,12,13,15,17,18,20,22,23,24,26,27,29,32,36,38,40,41,43,44,44,45,44,43,42,41,40,38,38,36,34,32,31,28,26,20,15,10,7,5]}","{""particle"":""""}"
0073.jpg,3475,"{}",1,0,"{""name"":""polygon"",""all_points_x"":[4,5,7,8,10,12,17,20,22,24,26,30,33,36,38,41,41,44,46,49,51,52,56,59,61,65,67,70,72,73,77,80,82,84,86,89,90,91,93,94,95,95,96,95,93,91,86,84,83,83,82,82,80,79,77,74,73,67,65,58,55,54,52,48,40,34,31,27,24,21,18,15,14,10,9,6,4,3,2,2,2],""all_points_y"":[46,47,47,44,43,41,40,39,39,38,36,33,29,26,23,19,15,13,13,12,10,9,7,5,5,3,2,2,2,3,5,7,8,10,12,13,14,16,19,20,23,26,30,32,34,35,34,36,38,42,48,53,59,62,64,68,69,71,71,71,71,71,72,74,75,74,73,72,71,69,68,67,66,64,63,62,59,58,54,50,47]}","{""particle"":""""}"
0074.jpg,3460,"{}",1,0,"{""name"":""polygon"",""all_points_x"":[14,15,15,16,17,18,19,21,24,31,34,37,43,47,53,58,62,71,79,83,89,95,96,96,96,95,92,93,92,91,90,90,89,86,82,77,72,68,66,63,59,59,58,52,50,46,43,41,38,34,30,26,25,21,19,16,13,11,8,6,5,3,3,4,5,8,12,13,14],""all_points_y"":[41,39,33,28,24,21,17,14,11,8,8,8,7,6,5,3,4,6,8,11,14,21,24,27,30,32,33,31,30,30,32,33,36,38,38,40,43,47,49,52,57,59,62,66,66,69,70,73,74,75,75,75,75,73,72,70,68,67,63,60,57,54,50,47,44,44,44,44,43]}","{""particle"":""""}"
0075.jpg,5981,"{}",1,0,"{""name"":""polygon"",""all_points_x"":[31,32,33,34,34,35,36,39,43,48,49,52,56,59,62,65,68,70,74,79,80,84,88,92,93,96,97,98,98,99,99,99,99,98,96,95,93,90,88,85,87,85,83,81,78,77,75,73,72,71,68,65,63,61,59,56,54,51,48,45,43,42,40,38,37,35,34,32,31,28,27,21,20,19,17,16,14,14,14,14,15,16,16,17,19,21,23,24,27,29],""all_points_y"":[26,26,27,29,30,31,32,33,31,28,28,26,26,25,25,25,25,26,29,33,36,40,45,49,51,55,59,63,67,72,77,81,88,90,93,95,96,97,97,96,94,94,94,94,93,92,91,90,87,86,85,84,82,82,81,81,80,80,80,80,81,81,80,78,77,76,76,75,74,73,71,68,67,66,64,62,61,56,54,51,47,45,40,36,33,30,28,27,25,25]}","{""particle"":""""}"
0076.jpg,3434,"{}",1,0,"{""name"":""polygon"",""all_points_x"":[47,50,54,57,61,64,67,69,70,72,74,75,76,76,75,75,74,72,69,66,65,62,59,56,52,48,46,44,42,40,38,39,38,36,35,34,33,31,32,29,28,25,22,20,19,15,14,12,11,9,8,5,5,4,5,6,8,7,7,7,8,10,15,21,26,32,37,40,42,44,44,43,44,45,46],""all_points_y"":[95,95,95,94,92,90,87,84,81,79,76,73,70,68,65,63,59,56,50,48,43,40,40,38,35,32,30,27,25,22,20,17,13,10,8,8,8,8,4,2,2,2,2,3,4,7,9,12,15,19,21,28,32,37,42,51,55,59,62,67,70,73,79,81,82,83,83,84,84,87,89,91,92,94,95]}","{""particle"":""""}"
0077.jpg,2653,"{}",1,0,"{""name"":""polygon"",""all_points_x"":[16,19,31,34,36,42,43,49,53,71,73,75,76,75,72,67,64,56,51,43,41,41,47,46,32,25,13,6,2,2,3,4,6,7,9,12,15,17],""all_points_y"":[11,10,11,10,8,3,2,2,2,13,16,24,34,42,48,53,54,54,53,51,50,61,64,66,70,66,51,41,35,23,19,17,15,14,13,11,11,11]}","{""particle"":""""}"
0078.jpg,2647,"{}",1,0,"{""name"":""polygon"",""all_points_x"":[39,39,36,36,38,43,46,50,54,56,58,62,64,68,73,77,78,78,77,76,74,71,67,63,56,52,47,46,42,37,32,26,22,17,13,10,9,7,5,4,4,4,5,6,8,10,14,17,20,26,30,34,38],""all_points_y"":[22,10,8,6,4,4,3,4,7,10,12,16,20,25,31,37,39,43,50,54,57,59,60,61,62,62,62,63,67,70,70,70,67,64,62,60,58,55,48,42,39,36,32,28,25,23,19,18,18,18,20,22,22]}","{""particle"":""""}"
0079.jpg,4827,"{}",1,0,"{""name"":""polygon"",""all_points_x"":[15,17,19,20,22,24,27,31,33,36,40,42,47,51,54,57,58,59,60,60,61,61,63,66,69,72,72,72,74,75,78,81,84,84,82,80,77,75,73,72,71,70,66,62,59,55,50,46,44,39,34,31,27,23,20,18,16,15,15,15,15],""all_points_y"":[38,34,31,30,29,27,24,22,21,19,18,18,19,19,22,27,29,33,36,39,41,43,43,43,41,38,35,32,32,33,35,39,44,47,53,60,67,72,76,79,82,83,87,90,91,92,92,91,89,83,74,71,69,68,67,64,62,58,49,44,40]}","{""particle"":""""}"
0080.jpg,2629,"{}",1,0,"{""name"":""polygon"",""all_points_x"":[22,16,11,7,6,5,6,4,3,4,15,24,33,37,43,50,54,58,60,61,61,62,61,61,64,70,70,70,69,68,66,64,60,59,54,48,42,36,32,27,24,21,18,18,18,20,21],""all_points_y"":[41,40,41,47,47,46,43,38,34,29,18,12,5,3,2,2,3,7,10,16,23,27,30,33,36,42,44,49,53,57,59,63,69,70,73,75,76,76,76,74,72,69,66,61,56,51,46]}","{""particle"":""""}"
0081.jpg,2371,"{}",1,0,"{""name"":""polygon"",""all_points_x"":[3,9,13,16,20,25,30,34,38,44,47,49,49,47,42,38,34,28,13,10,4,1,1,2],""all_points_y"":[28,38,44,48,51,53,54,54,53,48,44,36,24,16,8,6,4,2,2,2,5,10,19,25]}","{""particle"":""""}"
0082.jpg,2796,"{}",1,0,"{""name"":""polygon"",""all_points_x"":[38,46,49,53,55,56,58,58,56,53,50,47,31,30,24,19,15,13,11,10,11,11,12,16,20,27,31,36],""all_points_y"":[9,15,21,27,32,36,43,51,55,56,58,59,59,58,56,54,50,46,42,35,27,22,17,12,10,7,7,8]}","{""particle"":""""}"
0083.jpg,3558,"{}",1,0,"{""name"":""polygon"",""all_points_x"":[19,27,31,34,37,43,46,51,53,57,60,61,63,63,63,63,62,60,58,51,50,46,44,41,38,35,32,30,24,22,17,16,15,15,15,17,18],""all_points_y"":[33,28,25,23,21,19,19,19,20,23,27,28,31,34,38,43,47,52,57,64,66,69,71,73,75,75,75,75,71,65,56,53,49,44,41,36,34]}","{""particle"":""""}"
0084.jpg,2589,"{}",1,0,"{""name"":""polygon"",""all_points_x"":[45,36,26,17,11,8,7,7,11,18,33,42,50,56,59,59,59,56,51],""all_points_y"":[1,3,6,11,17,24,30,36,43,47,49,48,44,37,27,15,11,5,1]}","{""particle"":""""}"
0085.jpg,3763,"{}",1,0,"{""name"":""polygon"",""all_points_x"":[24,27,30,34,50,57,61,64,71,72,73,74,77,79,78,79,78,74,72,66,58,51,43,37,35,28,21,14,7,1,2,4,7,14,20],""all_points_y"":[2,4,8,11,16,19,21,22,27,29,34,35,45,50,54,63,70,74,77,82,84,86,86,83,80,71,66,60,50,35,28,17,9,3,1]}","{""particle"":""""}"
0086.jpg,4319,"{}",1,0,"{""name"":""polygon"",""all_points_x"":[6,11,14,17,22,27,32,40,43,47,48,51,54,60,66,72,76,80,81,81,80,79,74,67,59,53,50,45,36,30,23,17,12,9,5,4,4,4],""all_points_y"":[18,13,9,8,6,4,4,3,5,8,12,14,17,21,27,33,38,45,52,63,70,78,84,88,88,81,78,77,74,72,70,65,60,51,41,35,28,22]}","{""particle"":""""}"
0087.jpg,5692,"{}",1,0,"{""name"":""polygon"",""all_points_x"":[70,79,86,91,95,94,91,90,89,89,88,85,82,79,72,62,56,51,43,39,34,32,32,34,33,31,29,29,30,32,38,45,50,58,64],""all_points_y"":[15,18,25,30,38,43,47,51,53,57,63,70,83,88,97,101,105,105,106,104,99,95,91,85,78,69,59,49,43,39,31,25,21,15,14]}","{""particle"":""""}"
0088.jpg,4049,"{}",1,0,"{""name"":""polygon"",""all_points_x"":[86,84,82,77,75,70,67,59,57,51,47,42,38,33,29,24,19,18,17,14,11,7,5,3,3,3,4,6,7,9,11,15,18,24,27,34,41,43,48,52,56,58,61,65,68,71,74,75,77,79,81,83,86,87,87],""all_points_y"":[14,11,7,5,5,4,3,1,1,2,3,5,8,12,16,21,25,27,30,33,34,36,38,44,49,52,56,61,62,66,70,75,78,79,79,79,78,77,76,75,73,72,72,66,61,56,48,42,37,32,29,28,25,22,20]}","{""particle"":""""}"
0089.jpg,1846,"{}",1,0,"{""name"":""polygon"",""all_points_x"":[18,18,18,19,20,24,25,27,30,32,35,36,38,39,42,44,47,49,50,51,52,51,50,48,45,41,34,29,22,15,10,7,3,2,2,4,6,9,14,16,17,18],""all_points_y"":[12,13,11,9,7,3,2,2,2,3,4,6,8,10,16,20,23,26,27,29,32,37,39,41,44,45,46,45,43,40,37,33,30,29,22,20,19,17,17,16,15,14]}","{""particle"":""""}"
0090.jpg,1879,"{}",1,0,"{""name"":""polygon"",""all_points_x"":[44,46,50,53,55,57,57,56,51,48,42,40,36,30,27,25,19,17,14,11,9,7,6,6,6,7,8,11,14,16,19,21,24,27,28,30,33,36,39,40,40,41,42],""all_points_y"":[33,32,31,30,29,27,24,21,16,13,10,9,7,6,5,5,4,5,6,7,10,12,15,17,19,21,23,27,31,34,39,42,46,48,48,48,47,45,43,41,39,35,34]}","{""particle"":""""}"
0091.jpg,3170,"{}",1,0,"{""name"":""polygon"",""all_points_x"":[35,37,39,42,45,46,50,53,54,56,55,54,53,52,50,48,45,40,35,31,29,26,25,22,19,16,15,15,16,19,24,28,30,32],""all_points_y"":[53,55,58,60,62,62,60,58,52,45,38,35,29,25,21,17,14,12,12,12,15,18,22,27,33,37,42,46,49,52,54,54,53,53]}","{""particle"":""""}"
0092.jpg,1867,"{}",1,0,"{""name"":""polygon"",""all_points_x"":[18,29,41,45,48,48,47,44,42,41,38,35,34,33,32,31,28,23,20,18,14,11,10,9,8,6,6,5,5,5,5,6,7,8,12,13,15,17],""all_points_y"":[52,45,38,35,32,28,23,20,19,18,18,17,16,13,10,5,2,2,3,5,9,12,15,18,22,27,30,33,37,40,42,44,47,49,51,52,53,53]}","{""particle"":""""}"
0093.jpg,3379,"{}",1,0,"{""name"":""polygon"",""all_points_x"":[17,22,26,26,25,27,29,32,35,39,42,45,48,51,55,58,60,66,70,70,71,73,75,75,75,75,76,70,60,48,45,39,33,29,24,18,12,9,6,3,2,2,2,3,6,11],""all_points_y"":[2,3,6,8,9,11,12,12,12,15,15,15,17,18,20,21,21,24,34,37,41,44,54,58,62,67,71,76,85,89,88,85,80,75,71,64,57,56,52,49,38,28,20,12,8,4]}","{""particle"":""""}"
0094.jpg,3601,"{}",1,0,"{""name"":""polygon"",""all_points_x"":[33,37,41,45,47,49,53,56,62,65,68,73,75,75,76,76,76,76,73,67,61,55,51,51,49,45,41,35,30,24,19,13,11,9,8,5,4,3,3,3,3,4,7,14,25,30],""all_points_y"":[3,5,9,13,16,18,20,23,28,32,35,39,43,47,54,65,75,79,83,87,88,87,85,82,79,78,77,76,74,71,70,68,66,60,54,50,48,42,38,33,26,20,16,10,4,3]}","{""particle"":""""}"
0095.jpg,5468,"{}",1,0,"{""name"":""polygon"",""all_points_x"":[89,92,92,92,90,88,88,87,86,84,83,82,81,79,74,61,49,42,38,34,31,31,33,35,34,32,30,30,28,28,27,29,35,42,46,51,58,66,71,76,85,89],""all_points_y"":[26,29,33,40,43,50,57,62,65,69,75,80,83,86,89,97,105,103,102,99,95,88,86,82,76,69,63,57,50,46,42,39,34,27,22,18,14,13,14,15,21,24]}","{""particle"":""""}"
0096.jpg,3627,"{}",1,0,"{""name"":""polygon"",""all_points_x"":[84,81,79,79,78,76,75,73,72,70,70,70,67,66,64,59,54,51,47,41,34,27,21,17,14,10,7,4,3,5,8,12,16,19,21,25,27,31,33,35,39,41,52,57,66,73,79,84,86,88,89,88,87],""all_points_y"":[25,26,29,33,36,43,47,50,53,56,58,61,64,67,68,70,71,72,74,74,75,75,74,72,68,63,59,52,45,41,38,34,29,26,23,20,17,14,11,9,6,3,2,2,2,2,2,7,9,13,17,20,23]}","{""particle"":""""}"
0097.jpg,7974,"{}",1,0,"{""name"":""polygon"",""all_points_x"":[59,73,81,88,96,103,107,115,120,126,132,138,144,148,151,150,150,148,148,147,144,141,138,134,121,117,111,108,103,99,97,98,98,95,92,89,82,77,74,65,60,55,51,48,44,41,37,32,28,26,24,22,14,10,7,5,3,1,1,1,3,5,7,8,9,6,3,2,2,3,3,6,11,19,35,46],""all_points_y"":[2,10,12,15,19,22,26,31,34,38,42,46,49,53,61,65,68,74,77,83,88,93,97,98,102,104,106,109,111,114,116,119,123,126,130,134,139,142,143,144,143,140,136,132,130,127,126,126,128,130,131,130,122,117,114,110,104,96,92,84,75,67,63,61,59,56,53,48,43,32,29,25,20,17,10,5]}","{""particle"":""""}"
0098.jpg,8323,"{}",1,0,"{""name"":""polygon"",""all_points_x"":[98,104,109,114,120,125,130,132,139,144,150,151,151,150,147,145,144,147,148,149,151,152,152,152,152,151,150,149,147,144,141,138,134,132,130,128,126,121,117,113,108,104,103,101,98,95,93,86,83,78,74,70,66,62,58,58,56,56,55,55,53,48,44,38,31,27,24,20,15,12,8,6,4,4,3,3,4,8,17,25,28,33,39,46,52,60,67,82],""all_points_y"":[144,142,139,138,135,133,131,130,128,124,117,109,100,95,91,87,86,80,77,71,67,62,58,50,47,45,41,37,32,28,24,21,17,15,15,14,17,19,21,20,16,12,10,8,5,3,3,1,2,2,5,8,11,17,19,21,23,25,29,31,33,37,40,42,45,45,46,48,50,55,64,68,73,77,81,85,91,95,101,106,108,111,116,121,124,128,132,138]}","{""particle"":""""}"
0099.jpg,11971,"{}",1,0,"{""name"":""polygon"",""all_points_x"":[66,69,76,84,90,95,100,104,110,112,114,119,124,128,136,138,144,157,162,170,170,169,168,165,165,167,173,178,178,178,177,176,174,173,171,170,166,165,161,156,151,142,137,132,126,124,122,120,117,102,97,90,79,68,59,51,50,48,47,46,46,45,45,45,47,48,48,47,47,51,55,59],""all_points_y"":[40,39,37,37,39,41,45,49,54,57,59,59,62,63,61,61,61,66,68,81,86,91,95,103,109,113,116,118,121,123,127,130,133,138,143,146,149,151,155,158,160,163,165,167,167,168,170,175,180,188,189,187,180,171,164,157,153,143,135,131,125,118,113,101,89,83,75,63,53,48,45,42]}","{""particle"":""""}"
0100.jpg,7964,"{}",1,0,"{""name"":""polygon"",""all_points_x"":[58,63,66,68,72,76,80,85,90,93,94,97,99,105,108,110,116,123,126,142,143,134,131,124,117,109,99,95,91,88,87,84,82,71,62,53,49,45,41,37,32,28,25,20,17,16,15,15,18,21,21,16,14,11,8,6,4,4,3,5,9,13,16,20,24,30,35,38,40,42,43,44,47,49,52,54],""all_points_y"":[143,146,147,148,148,149,150,150,149,148,146,143,139,131,123,119,113,105,97,62,58,29,23,7,3,2,2,2,5,7,9,7,6,3,1,1,1,1,3,4,7,9,12,16,19,21,23,26,28,34,36,45,47,48,52,54,57,60,74,78,84,87,91,94,98,97,102,105,109,113,117,121,129,135,139,142]}","{""particle"":""""}"
0101.jpg,3710,"{}",1,0,"{""name"":""polygon"",""all_points_x"":[19,23,26,28,32,35,36,37,38,40,45,46,47,48,49,52,54,59,69,73,78,82,84,86,89,92,95,96,95,93,90,85,83,75,70,66,60,52,42,30,26,22,18,17,14,10,9,5,3,2,1,4,10,16],""all_points_y"":[22,25,27,27,27,27,26,25,24,23,23,22,21,21,18,14,12,9,3,1,2,2,3,6,10,13,18,22,31,36,40,46,52,61,65,71,72,74,74,71,71,68,62,58,55,51,48,43,41,38,34,29,25,23]}","{""particle"":""""}"
0102.jpg,4341,"{}",1,0,"{""name"":""polygon"",""all_points_x"":[5,9,10,17,19,34,39,45,54,58,61,67,71,75,78,81,82,85,89,92,95,97,98,98,96,93,90,86,81,76,74,71,67,64,64,61,58,56,54,52,49,47,45,41,38,33,29,23,19,14,11,8,5,3,3,3],""all_points_y"":[44,38,36,25,21,6,5,4,3,3,5,5,5,8,11,16,19,22,27,30,36,38,40,42,46,49,52,53,54,53,50,50,50,51,52,54,54,54,54,56,62,64,66,69,71,73,74,76,75,72,69,65,62,56,50,44]}","{""particle"":""""}"
0103.jpg,5756,"{}",1,0,"{""name"":""polygon"",""all_points_x"":[28,32,36,40,44,47,49,52,55,59,63,69,78,84,89,91,93,95,97,97,96,95,93,89,88,87,86,83,82,79,76,67,63,60,59,59,58,57,56,54,50,48,47,44,41,37,32,29,19,14,12,11,11,16,18,20],""all_points_y"":[25,25,25,25,26,27,26,26,26,26,28,29,32,37,43,48,52,57,63,68,73,76,78,84,87,90,94,100,103,105,105,103,100,97,93,89,86,83,81,80,79,76,74,72,72,72,71,70,64,60,56,50,47,34,30,29]}","{""particle"":""""}"
0104.jpg,4043,"{}",1,0,"{""name"":""polygon"",""all_points_x"":[42,45,47,50,51,54,54,54,53,51,50,49,50,50,52,54,54,54,54,54,55,56,60,63,65,69,72,74,76,75,73,70,66,63,59,58,50,45,42,39,37,35,30,23,18,16,13,10,6,5,4,4,4,5,6,6,9,11,15,22,27,34,37,40],""all_points_y"":[1,3,5,8,10,14,17,19,21,24,26,29,34,36,36,38,40,42,43,45,46,48,50,51,53,58,63,67,73,82,84,87,91,93,95,95,96,96,93,92,91,89,85,82,77,75,72,69,65,61,57,53,48,41,35,29,24,21,18,15,11,6,3,1]}","{""particle"":""""}"
0109.jpg,2951,"{}",1,0,"{""name"":""polygon"",""all_points_x"":[12,17,23,42,42,45,48,52,55,56,60,63,66,68,70,72,72,72,72,70,67,66,63,61,57,54,51,49,48,44,42,37,32,30,26,22,17,15,16,14,4,1,1,4,11,11],""all_points_y"":[4,2,1,1,2,4,5,6,8,9,11,14,16,18,21,23,26,38,39,45,49,53,56,58,62,68,68,71,73,74,74,74,73,76,79,79,78,74,69,67,38,37,32,29,11,7]}","{""particle"":""""}"
0110.jpg,3232,"{}",1,0,"{""name"":""polygon"",""all_points_x"":[20,31,33,42,48,54,56,59,59,71,73,73,71,69,68,66,64,64,59,53,33,30,27,24,20,16,13,11,7,4,3,3,8,11,15,18],""all_points_y"":[16,8,8,8,3,2,3,6,12,42,44,53,56,58,61,66,73,77,81,81,81,79,77,76,74,72,70,67,63,59,57,42,31,26,24,19]}","{""particle"":""""}"
0111.jpg,4984,"{}",1,0,"{""name"":""polygon"",""all_points_x"":[35,37,39,43,48,56,64,69,69,91,95,95,94,92,90,89,86,85,83,82,81,80,77,70,67,63,55,53,48,46,45,42,39,36,22,20,19,17,17,16,17,18,18,18,23,25],""all_points_y"":[94,92,92,90,90,90,89,86,83,57,53,50,47,44,43,41,41,38,36,33,31,30,28,26,25,24,23,22,21,22,23,23,23,23,31,34,37,40,44,50,56,61,66,70,77,81]}","{""particle"":""""}"
0112.jpg,2983,"{}",1,0,"{""name"":""polygon"",""all_points_x"":[58,59,62,64,69,71,72,74,76,78,79,80,80,79,79,77,75,73,68,54,52,51,49,47,44,43,13,11,8,6,4,3,3,3,3,4,6,8,8,8,11,15,16,21,27,29,32,33,36,40,44,47,52,55],""all_points_y"":[71,71,69,67,62,61,57,55,49,45,43,41,18,16,14,11,11,11,10,2,3,1,0,1,1,4,15,16,15,17,18,19,22,24,26,28,30,32,41,46,49,53,56,59,64,66,67,68,68,70,71,72,72,71]}","{""particle"":""""}"
0113.jpg,5793,"{}",1,0,"{""name"":""polygon"",""all_points_x"":[56,60,63,66,71,74,77,79,93,97,102,103,111,114,117,115,115,115,115,114,112,110,108,102,94,86,83,82,81,72,68,65,64,62,57,56,55,52,46,41,36,34,31,28,24,21,19,16,13,9,9,9,7,3,3,2,1,1,4,1,1,1,1,5,7,7,8,7,8,9,11,11,15,20,25,31,34,40,45,52],""all_points_y"":[134,133,131,130,129,130,131,135,143,142,140,138,124,121,118,111,106,102,97,91,86,80,73,63,52,42,36,32,28,22,22,23,24,24,20,16,11,8,6,5,3,2,2,2,4,5,5,8,11,16,19,25,29,30,31,33,35,37,39,42,47,54,66,69,72,76,78,82,86,92,96,101,110,115,121,125,129,133,135,135]}","{""particle"":""""}"
0114.jpg,6694,"{}",1,0,"{""name"":""polygon"",""all_points_x"":[21,25,28,32,35,40,43,45,47,48,52,53,56,57,65,69,73,76,80,83,90,92,98,100,104,107,109,111,113,113,114,114,117,119,120,118,117,116,119,120,118,115,114,112,111,111,111,111,111,110,106,102,98,95,86,80,74,72,68,66,65,63,62,60,57,53,50,47,44,41,40,38,38,37,36,27,21,16,12,9,6,5,8,14],""all_points_y"":[6,5,5,6,8,10,13,15,16,17,17,17,16,15,12,12,13,13,14,16,20,22,28,30,36,39,45,51,57,65,70,74,77,80,103,105,107,109,110,114,115,116,119,120,121,122,125,127,128,132,138,140,143,143,144,142,140,140,137,135,133,129,125,123,124,125,125,124,123,122,117,113,110,108,107,95,90,81,70,59,47,33,24,16]}","{""particle"":""""}"
0117.jpg,2994,"{}",1,0,"{""name"":""polygon"",""all_points_x"":[37,36,35,36,37,43,46,48,52,56,63,70,77,81,83,83,82,82,81,81,82,82,85,90,94,96,95,94,91,89,53,49,40,34,25,22,14,9,7,4,6,8,13,23,30,36,37],""all_points_y"":[33,22,14,6,4,2,2,2,3,4,15,21,25,28,33,37,40,43,45,47,48,50,51,50,52,57,59,62,69,76,76,72,66,67,63,59,59,59,57,54,50,46,44,41,39,37,36]}","{""particle"":""""}"
0118.jpg,3199,"{}",1,0,"{""name"":""polygon"",""all_points_x"":[10,38,45,54,57,59,65,66,69,72,76,89,92,94,94,93,88,85,79,74,70,67,63,60,60,60,60,61,62,55,51,40,31,27,20,17,15,14,15,16,14,7,4,2,5,6],""all_points_y"":[8,9,9,16,18,18,17,17,20,22,25,25,28,30,33,35,38,40,41,41,42,42,43,45,48,50,53,58,76,81,82,77,66,63,58,55,52,47,40,35,33,33,31,27,17,13]}","{""particle"":""""}"
0119.jpg,5559,"{}",1,0,"{""name"":""polygon"",""all_points_x"":[60,56,52,43,37,31,29,26,24,25,28,30,31,32,34,38,39,43,47,49,51,48,46,50,57,62,70,84,84,85,87,87,85,85,85,89,91,90,90,89,90,94,94,93,91,89,84,78],""all_points_y"":[76,78,81,88,91,91,88,84,79,73,63,56,50,44,40,36,35,33,33,31,28,25,19,13,13,12,11,35,37,39,42,44,50,55,59,62,65,70,74,76,81,87,92,95,97,97,96,92]}","{""particle"":""""}"
0120.jpg,3017,"{}",1,0,"{""name"":""polygon"",""all_points_x"":[32,35,36,38,40,40,41,41,41,42,42,43,44,45,46,50,56,64,68,71,75,80,81,82,81,81,80,77,74,72,68,66,64,62,60,57,54,52,46,43,39,37,35,34,33,33,32,30,28,25,22,20,17,14,12,9,8,9,11,16,18,19,18,17,18,19,21,22,25,25,25,25,26,29,31],""all_points_y"":[4,4,6,9,12,14,16,19,22,24,28,32,34,35,37,37,36,36,35,35,35,38,42,45,50,53,55,57,60,62,66,68,70,71,75,79,81,83,84,82,81,81,81,83,86,89,92,94,95,95,95,93,92,91,90,89,88,52,49,43,41,40,37,32,30,28,26,25,22,18,14,11,8,6,4]}","{""particle"":""""}"
0121.jpg,2323,"{}",1,0,"{""name"":""polygon"",""all_points_x"":[19,21,22,23,24,25,26,28,30,30,30,31,37,41,43,47,51,53,54,54,53,52,51,48,46,42,34,32,30,29,28,25,23,20,12,10,7,7,5,4,3,3,2,2,1,2,6,14,15,15,16,18],""all_points_y"":[2,3,4,5,7,10,11,13,14,15,24,25,25,26,27,28,31,34,37,42,46,51,53,56,60,61,61,60,59,57,57,57,59,61,61,59,57,52,49,46,46,43,41,40,37,33,30,30,28,10,4,2]}","{""particle"":""""}"
0122.jpg,2329,"{}",1,0,"{""name"":""polygon"",""all_points_x"":[17,19,22,24,24,26,29,30,33,35,38,42,45,47,51,52,52,55,56,57,58,58,58,57,52,47,43,44,43,42,41,39,29,29,25,18,15,10,6,5,6,10,12,15],""all_points_y"":[4,4,4,2,2,3,6,7,7,7,5,2,3,3,4,8,11,16,20,23,24,28,30,32,35,34,36,55,57,61,63,61,50,39,39,38,37,35,30,24,16,9,6,4]}","{""particle"":""""}"
0123.jpg,3680,"{}",1,0,"{""name"":""polygon"",""all_points_x"":[35,34,32,28,26,25,25,22,21,21,21,25,27,32,40,47,49,51,52,57,59,63,65,69,75,76,74,70,65,64,64,65,63,59,56,54,52,49,46,42,40,35,31,30,30,31,33,35],""all_points_y"":[45,46,46,49,53,55,57,60,62,64,66,67,65,64,58,55,57,61,63,65,63,61,57,54,47,43,38,34,31,28,27,23,20,15,13,13,13,12,12,12,13,16,20,22,26,31,35,41]}","{""particle"":""""}"
0124.jpg,2237,"{}",1,0,"{""name"":""polygon"",""all_points_x"":[39,49,53,56,58,61,61,59,54,36,35,34,32,29,25,21,18,16,13,8,6,3,3,3,3,6,7,7,6,4,4,4,4,5,8,13,17,22,29,33,39,39],""all_points_y"":[30,30,26,24,23,18,16,15,15,15,13,7,1,1,1,3,3,5,7,7,8,10,13,15,17,23,26,29,30,33,36,39,43,45,49,52,54,54,54,51,40,33]}","{""particle"":""""}"
0125.jpg,5760,"{}",1,0,"{""name"":""polygon"",""all_points_x"":[61,66,69,74,86,96,101,103,108,116,117,118,116,114,112,107,99,94,86,85,84,75,72,70,65,63,60,58,57,56,45,42,34,28,23,21,18,16,13,12,12,12,9,6,5,5,3,3,5,9,13,17,22,25,29,35,42,51,58],""all_points_y"":[132,132,130,130,137,139,140,139,129,119,116,99,87,82,77,69,55,45,37,36,26,21,21,25,26,24,20,14,9,7,4,3,1,3,4,5,9,13,15,17,21,24,29,31,34,39,55,64,71,78,89,101,111,117,120,125,128,131,133]}","{""particle"":""""}"
0126.jpg,6603,"{}",1,0,"{""name"":""polygon"",""all_points_x"":[23,33,39,52,56,59,66,68,77,79,95,98,100,102,107,113,114,116,118,120,120,119,118,115,113,111,111,111,105,101,96,89,85,79,75,72,67,65,65,59,55,52,49,45,40,38,38,31,25,19,12,6,6,5,6,7,11,18,20,21],""all_points_y"":[4,8,10,16,16,13,12,12,15,17,25,29,32,36,47,63,68,71,73,78,103,111,114,116,118,122,128,132,137,140,142,143,142,141,139,139,138,135,130,120,119,119,124,124,121,117,107,103,92,82,71,61,54,46,37,28,20,11,7,5]}","{""particle"":""""}"
0127.jpg,9323,"{}",1,0,"{""name"":""polygon"",""all_points_x"":[69,76,81,85,88,90,91,93,95,107,111,118,123,125,127,133,138,143,148,150,151,151,149,146,137,136,136,135,135,133,132,104,95,90,84,81,78,74,69,67,64,61,58,54,51,51,49,45,42,42,43,46,48,49,50,50,48,45,41,40,40,42,42,43,46,49,52,59,61,67],""all_points_y"":[159,156,156,157,158,157,156,155,153,148,145,139,134,131,129,121,117,109,104,96,90,79,67,61,53,46,42,36,30,23,21,19,23,26,29,33,36,41,46,50,55,61,67,74,82,85,87,89,92,98,104,105,105,106,110,113,117,119,124,126,128,133,137,141,149,153,155,158,159,160]}","{""particle"":""""}"
0128.jpg,6125,"{}",1,0,"{""name"":""polygon"",""all_points_x"":[6,9,11,13,26,30,33,37,43,49,51,58,62,66,73,79,85,92,99,103,107,108,112,115,118,124,121,115,118,125,138,139,144,143,140,137,133,129,123,121,116,113,109,103,90,82,78,73,33,28,25,22,18,15,13,12,15,15,13,11,9,6,5],""all_points_y"":[103,104,105,106,116,117,117,117,117,118,118,116,115,113,109,106,103,98,93,91,86,85,85,85,85,74,71,71,65,60,58,50,33,26,22,17,15,14,12,12,9,5,4,3,3,3,4,6,22,25,28,32,38,45,53,60,67,74,79,83,87,93,97]}","{""particle"":""""}"
0129.jpg,2509,"{}",1,0,"{""name"":""polygon"",""all_points_x"":[9,10,12,14,18,21,23,26,28,29,30,33,35,37,41,43,46,48,49,52,54,61,62,59,58,55,53,48,47,45,43,40,38,35,30,26,24,21,20,18,18,18,15,14,11,9,8,7,5,5,3,4,6],""all_points_y"":[2,4,6,8,10,13,15,18,20,22,24,28,30,32,34,35,37,38,38,40,45,59,73,77,78,81,82,82,82,84,85,85,85,84,84,83,81,78,74,70,66,47,43,40,36,29,23,18,12,10,6,2,2]}","{""particle"":""""}"
0130.jpg,2416,"{}",1,0,"{""name"":""polygon"",""all_points_x"":[18,20,23,30,37,39,42,44,46,46,47,47,50,54,54,59,61,62,62,61,58,56,54,36,33,28,17,12,3,3,8,13,16],""all_points_y"":[5,3,3,3,4,4,9,11,16,20,40,42,46,52,58,71,77,81,85,86,86,86,85,69,61,56,51,47,28,16,9,5,5]}","{""particle"":""""}"
0131.jpg,4602,"{}",1,0,"{""name"":""polygon"",""all_points_x"":[32,37,41,60,62,63,64,75,78,83,85,88,90,90,87,84,82,78,74,69,65,64,60,55,51,48,40,40,38,36,34,32,29,30],""all_points_y"":[96,92,89,67,64,61,59,54,52,49,46,42,35,31,25,21,19,15,11,9,9,9,11,13,18,24,34,55,60,64,66,78,90,95]}","{""particle"":""""}"
0133.jpg,3191,"{}",1,0,"{""name"":""polygon"",""all_points_x"":[29,36,45,49,51,56,60,62,63,65,66,66,65,64,62,58,55,53,46,40,34,23,20,20,19,16,15,13,11,11,11,8,6,6,6,5,4,4,6,8,13,18,25],""all_points_y"":[5,4,7,10,16,24,33,38,43,49,54,58,64,78,81,89,92,96,100,105,107,109,106,103,100,98,97,97,95,89,82,75,69,64,56,46,34,28,20,15,11,8,5]}","{""particle"":""""}"
0134.jpg,3220,"{}",1,0,"{""name"":""polygon"",""all_points_x"":[48,49,49,50,51,54,57,58,58,58,59,60,62,64,64,65,66,66,67,66,67,65,54,52,41,37,34,31,26,21,20,16,14,12,6,6,5,4,5,6,6,12,15,17,19,27,32,37,41],""all_points_y"":[5,6,9,11,14,15,15,19,24,26,30,34,37,44,49,54,60,65,70,76,83,89,102,103,107,108,107,107,106,100,97,92,89,83,69,63,59,54,45,40,32,24,19,16,14,10,6,5,4]}","{""particle"":""""}"
0135.jpg,5857,"{}",1,0,"{""name"":""polygon"",""all_points_x"":[59,61,63,64,67,72,73,77,80,92,95,103,108,111,111,111,111,112,117,118,115,112,109,104,102,97,94,92,89,84,81,76,72,70,66,62,60,55,53,49,46,44,42,38,37,34,33,29,25,24,24,22,19,19,18,19,20,23,26,28,31,34,40,42,46,52],""all_points_y"":[100,99,96,94,93,91,88,86,84,75,72,64,60,57,54,51,50,48,44,43,39,36,33,30,28,25,24,22,22,22,22,21,21,22,24,25,27,28,30,31,34,35,38,40,42,45,46,51,54,60,63,67,69,70,75,79,82,86,90,92,95,97,100,100,101,101]}","{""particle"":""""}"
0136.jpg,3182,"{}",1,0,"{""name"":""polygon"",""all_points_x"":[101,97,90,86,75,72,65,63,60,53,40,34,27,23,18,16,15,13,9,6,4,4,4,5,9,11,15,16,17,23,30,35,39,43,49,54,62,71,77,82,87,95,98,101,104,106,106,108,108,108,106,105,104],""all_points_y"":[48,49,55,57,62,63,64,66,66,66,64,63,59,57,54,53,51,49,41,37,32,27,22,21,21,20,17,14,11,11,11,9,7,6,6,5,5,4,3,3,4,7,9,11,15,18,24,28,32,37,41,45,47]}","{""particle"":""""}"
0137.jpg,2702,"{}",1,0,"{""name"":""polygon"",""all_points_x"":[5,11,13,17,20,24,27,29,36,41,44,49,52,54,56,58,60,62,64,68,70,71,72,71,70,66,63,58,56,54,51,47,43,41,36,34,31,26,23,20,17,13,11,9,6,4,2,2,3,3],""all_points_y"":[14,11,10,9,6,6,6,4,3,2,2,2,4,6,9,14,19,22,26,31,35,40,44,47,49,53,55,58,60,60,61,61,60,59,58,56,54,50,48,44,40,36,33,34,32,30,27,22,18,16]}","{""particle"":""""}"
0138.jpg,2961,"{}",1,0,"{""name"":""polygon"",""all_points_x"":[8,14,17,23,30,35,40,45,52,56,59,62,65,67,69,73,77,77,77,75,71,63,58,39,35,31,27,24,22,17,14,9,7,6,7],""all_points_y"":[17,10,8,5,3,4,5,9,13,18,21,25,27,29,31,34,36,39,42,49,52,55,57,62,62,62,60,56,52,42,38,31,25,21,18]}","{""particle"":""""}"
0139.jpg,4508,"{}",1,0,"{""name"":""polygon"",""all_points_x"":[21,23,27,28,31,36,38,40,44,51,54,60,63,66,67,68,69,70,71,70,69,67,66,64,63,63,63,63,63,61,59,55,52,48,44,41,36,33,30,28,25,21,18,17,19],""all_points_y"":[44,42,37,34,30,18,16,15,15,16,17,20,22,24,25,27,31,40,45,50,54,58,64,68,70,72,78,81,83,85,86,88,89,89,88,84,80,78,74,72,68,64,60,52,47]}","{""particle"":""""}"
0140.jpg,2693,"{}",1,0,"{""name"":""polygon"",""all_points_x"":[26,30,31,33,36,37,39,43,45,48,50,52,52,54,54,55,56,58,58,59,60,61,62,62,61,60,59,57,55,51,48,45,43,42,40,38,34,31,27,23,17,13,11,9,7,4,2,3,5,9,12,16,21],""all_points_y"":[16,11,9,7,3,2,2,2,2,3,5,6,7,11,14,17,19,21,23,28,30,34,42,45,48,51,53,54,56,58,59,60,61,63,64,65,68,70,73,73,72,69,66,63,60,55,52,46,40,34,29,24,18]}","{""particle"":""""}"